{
  "train_losses": [
    7.539127195749007,
    5.559728116104966,
    5.2579357074408195,
    4.995835300273294,
    4.8143049578370505
  ],
  "val_losses": [
    5.693985462412273,
    5.349044884046664,
    5.047372979025372,
    4.826056744124968,
    4.677727380866724
  ]
}